<?xml version="1.0" encoding="utf-8" ?>
<Defs>

<!-- Lab Coat -->

		<ThingDef ParentName="ApparelMakeableBase">
		<defName>LabCoat</defName>
		<description>A plain white overgarment traditionally worn by the scientifically adept.</description>
		<label>lab coat</label>
		<recipeMaker>
			<researchPrerequisite>ComplexClothing</researchPrerequisite>
		</recipeMaker>
		<graphicData>
			<texPath>Things/Apparel/LabCoat</texPath>
			<graphicClass>Graphic_Single</graphicClass>
		</graphicData>
		<costList>
			<Cloth>60</Cloth>
		</costList>
		<thingCategories>
			<li>Apparel</li>
		</thingCategories>
		<statBases>
			<WorkToMake>15000</WorkToMake>
			<ArmorRating_Blunt>0.03</ArmorRating_Blunt>
			<ArmorRating_Sharp>0.03</ArmorRating_Sharp>
			<Insulation_Cold>-4</Insulation_Cold>
		</statBases>
		<equippedStatOffsets>
			<GlobalLearningFactor>0.05</GlobalLearningFactor>
	        <ResearchSpeed>0.02</ResearchSpeed>
		</equippedStatOffsets>
		<generateCommonality>0.01</generateCommonality>
		<apparel>
			<bodyPartGroups>
				<li>Torso</li>
				<li>Shoulders</li>
				<li>Arms</li>
			</bodyPartGroups>
			<wornGraphicPath>Things/Apparel/LabCoat</wornGraphicPath>
			<layers>
				<li>Shell</li>
			</layers>
			<tags>
				<li>Workforce</li>
			</tags>
			<defaultOutfitTags>
				<li>Worker</li>
			</defaultOutfitTags>
		</apparel>
	</ThingDef>

<!-- Cyber Suit -->
  
  <ThingDef ParentName="ArmorMakeableBase">
    <defName>Apparel_CyberSuit</defName>
    <label>X-1 Cybernetic Body Defense Suit</label>
    <techLevel>Spacer</techLevel>
      <description>The X-1 Cybernetic Body Defense Suit is a one piece experimental apparel system. Developed to smoothly interface biological and electronic technologies, the X-1 also provides a high degree of protection from environmental hazards.</description>
    <graphicData> <texPath>Things/Apparel/CyberSuit</texPath>
    <graphicClass>Graphic_Single</graphicClass> </graphicData>
    <thingCategories>
      <li>Apparel</li>
    </thingCategories>
    <recipeMaker>
      <unfinishedThingDef>UnfinishedTechArmor</unfinishedThingDef>
      <researchPrerequisite>TranscendentTech</researchPrerequisite>
    </recipeMaker>
    <costList>
	  <Cloth>40</Cloth>
      <Steel>50</Steel>
      <Component>10</Component>
      <Plasteel>35</Plasteel>
    </costList>
    <statBases>
     <WorkToMake>120000</WorkToMake>
      <MaxHitPoints>300</MaxHitPoints>
      <MarketValue>2000</MarketValue>
      <ArmorRating_Blunt>0.15</ArmorRating_Blunt>
      <ArmorRating_Sharp>0.30</ArmorRating_Sharp>
	  <ArmorRating_Electric>0.25</ArmorRating_Electric>
      <Insulation_Cold>-10</Insulation_Cold>
      <Insulation_Heat>10</Insulation_Heat>
    </statBases>
    <equippedStatOffsets>
      <WorkSpeedGlobal>-0.10</WorkSpeedGlobal>
	  <AimingDelayFactor>-0.5</AimingDelayFactor>
	  <GlobalLearningFactor>0.10</GlobalLearningFactor>
	  <ResearchSpeed>0.03</ResearchSpeed>
    </equippedStatOffsets>
	<generateCommonality>0</generateCommonality>
    <apparel>
      <wornGraphicPath>Things/Apparel/CyberSuit</wornGraphicPath>
      <layers>
        <li>Middle</li>
      </layers>
      <defaultOutfitTags>
        <li>Soldier</li>
      </defaultOutfitTags>
      <bodyPartGroups>
        <li>Torso</li>
		<li>Shoulders</li>
        <li>Arms</li>
        <li>Legs</li>
      </bodyPartGroups>
     </apparel>
   </ThingDef>

  <ThingDef ParentName="ArmorMakeableBase">
    <defName>Apparel_Leviathan</defName>
    <label>XMA-1 "Leviathan" Mechanized Combat Armature</label>
    <techLevel>Spacer</techLevel>
      <description>The XMA-1 "Leviathan" is the product of immense invested time and labor by colonial researchers. When equipped with appropriate heavy ordinance pilots of this exotic exoskeletal system effectively become walking battle tanks.</description>
    <graphicData> <texPath>Things/Apparel/Leviathan</texPath>
    <graphicClass>Graphic_Single</graphicClass> </graphicData>
    <thingCategories>
      <li>Apparel</li>
    </thingCategories>
    <recipeMaker>
      <unfinishedThingDef>UnfinishedTechArmor</unfinishedThingDef>
      <researchPrerequisite>TranscendentTech</researchPrerequisite>
    </recipeMaker>
    <costList>
      <Steel>75</Steel>
      <Component>20</Component>
      <Plasteel>150</Plasteel>
    </costList>
    <statBases>
     <WorkToMake>172000</WorkToMake>
      <MaxHitPoints>550</MaxHitPoints>
      <MarketValue>5000</MarketValue>
      <ArmorRating_Blunt>0.5</ArmorRating_Blunt>
      <ArmorRating_Sharp>0.9</ArmorRating_Sharp>
      <ArmorRating_Heat>0.4</ArmorRating_Heat>
      <Insulation_Cold>-60</Insulation_Cold>
      <Insulation_Heat>60</Insulation_Heat>
    </statBases>
    <equippedStatOffsets>
      <MoveSpeed>1.4</MoveSpeed>
      <WorkSpeedGlobal>-0.10</WorkSpeedGlobal>
    </equippedStatOffsets>
	<generateCommonality>0</generateCommonality>
    <apparel>
      <wornGraphicPath>Things/Apparel/Leviathan</wornGraphicPath>
      <layers>
        <li>Shell</li>
      </layers>
      <defaultOutfitTags>
        <li>Soldier</li>
      </defaultOutfitTags>
      <bodyPartGroups>
        <li>Torso</li>
		<li>Shoulders</li>
        <li>Arms</li>
        <li>Legs</li>
      </bodyPartGroups>
     </apparel>
   </ThingDef>

  <ThingDef ParentName="ArmorMakeableBase">
    <defName>Apparel_LeviathanH</defName>
    <label>XMA-1 "Leviathan" MCA Helmet</label>
    <description>The armored helmet and primary control center of an XMA-1 "Leviathan" Mechanized Combat Armature (MCA) is equipped with algorhythms designed to increase individual reflex reaction, firearm accuracy, and mental acuity.</description>
    <graphicData> <texPath>Things/Apparel/LeviathanH</texPath>
    <graphicClass>Graphic_Single</graphicClass> </graphicData>
    <thingCategories>
		<li>Apparel</li>
    </thingCategories>
    <recipeMaker>
      <unfinishedThingDef>UnfinishedTechArmor</unfinishedThingDef>
      <researchPrerequisite>TranscendentTech</researchPrerequisite>
    </recipeMaker>
    <costList>
      <Steel>50</Steel>
      <Component>10</Component>
      <Plasteel>60</Plasteel>
    </costList>
    <statBases>
     <WorkToMake>49000</WorkToMake>
		<MaxHitPoints>500</MaxHitPoints>
		<MarketValue>1500</MarketValue>
		<ArmorRating_Blunt>0.35</ArmorRating_Blunt>
		<ArmorRating_Sharp>0.70</ArmorRating_Sharp>
		<ArmorRating_Heat>0.4</ArmorRating_Heat>
		<Insulation_Cold>-50</Insulation_Cold>
		<Insulation_Heat>50</Insulation_Heat>
    </statBases>
    <equippedStatOffsets>
		<WorkSpeedGlobal>-0.15</WorkSpeedGlobal>
		<ShootingAccuracy>0.10</ShootingAccuracy>
		<AimingDelayFactor>-0.07</AimingDelayFactor>
    </equippedStatOffsets>
	<generateCommonality>0</generateCommonality>
    <apparel>
      <wornGraphicPath>Things/Apparel/LeviathanH</wornGraphicPath>
        <layers>
          <li>Overhead</li>
        </layers>
     <bodyPartGroups>
       <li>FullHead</li>
     </bodyPartGroups>
     <defaultOutfitTags>
        <li>Soldier</li>
     </defaultOutfitTags>
    </apparel>
   </ThingDef>

</Defs>