﻿<?xml version="1.0" encoding="utf-8" ?>
<Defs>

  <ThingDef Name="BuildingBase" Abstract="True">
    <category>Building</category>
    <thingClass>Building</thingClass>
    <soundImpactDefault>BulletImpactMetal</soundImpactDefault>
    <selectable>true</selectable>
    <drawerType>MapMeshAndRealTime</drawerType>
    <terrainAffordanceNeeded>Light</terrainAffordanceNeeded>
    <repairEffect>Repair</repairEffect>
  </ThingDef>

  <ThingDef Abstract="True" ParentName="BuildingBase" Name="CounterBase">
    <thingClass>Building</thingClass>
    <altitudeLayer>Building</altitudeLayer>
    <description>A convenient countertop surface.</description>
    <passability>Impassable</passability>
    <castEdgeShadows>true</castEdgeShadows>
    <fillPercent>0.4</fillPercent>
    <leaveResourcesWhenKilled>true</leaveResourcesWhenKilled>
    <designationCategory>Furniture</designationCategory>
    <staticSunShadowHeight>0.20</staticSunShadowHeight>
  </ThingDef>

  <ThingDef Name="LabStationBase" ParentName="BuildingBase" Abstract="True">
    <castEdgeShadows>true</castEdgeShadows>
    <staticSunShadowHeight>0.20</staticSunShadowHeight>
		<building>
			<workSpeedPenaltyOutdoors>true</workSpeedPenaltyOutdoors>
			<workSpeedPenaltyTemperature>true</workSpeedPenaltyTemperature>
		</building>
		<comps>
			<li>
				<compClass>CompReportWorkSpeed</compClass>
			</li>
		</comps>
		<placeWorkers>
			<li>PlaceWorker_ReportWorkSpeedPenalties</li>
		</placeWorkers>
  </ThingDef>
  
  <ThingDef ParentName="CounterBase">
    <defName>CounterTopModular</defName>
    <label>laboratory counter</label>
    <uiIconPath>Things/Building/Research/CounterIco</uiIconPath>	
	<graphicData>
		<texPath>Things/Building/Research/Counter_Atlas</texPath>
		<graphicClass>Graphic_Single</graphicClass>
		<linkType>Basic</linkType>
			<linkFlags>
				<li>Custom1</li>
			</linkFlags>
	</graphicData>	
    <statBases>
      <MaxHitPoints>100</MaxHitPoints>
      <WorkToBuild>450</WorkToBuild>
      <Flammability>1.0</Flammability>
      <Beauty>2</Beauty>
    </statBases>
	<minifiedDef>MinifiedFurniture</minifiedDef>
    <size>(1,1)</size>
    <costList><Steel>3</Steel></costList>
    <rotatable>false</rotatable>
    <placingDraggableDimensions>2</placingDraggableDimensions>
  </ThingDef>
  
  <ThingDef ParentName="LabStationBase">
    <defName>LabStation</defName>
    <label>laboratory station</label>
    <thingClass>Building_ResearchBench</thingClass>
    <description>An auxillary research station for expanding laboratory operations. Requires power.</description>
	<uiIconPath>Things/Building/Research/ScienceStationIco</uiIconPath>
    <graphicData>
      <texPath>Things/Building/Research/ScienceStation</texPath>
      <graphicClass>Graphic_Multi</graphicClass>
      <drawSize>(3,3)</drawSize>
      <damageData>
        <cornerTL>Damage/Corner</cornerTL>
        <cornerTR>Damage/Corner</cornerTR>
        <cornerBL>Damage/Corner</cornerBL>
        <cornerBR>Damage/Corner</cornerBR>
      </damageData>
    </graphicData>
    <costList>
      <Steel>250</Steel>
      <Component>9</Component>
    </costList>
    <altitudeLayer>Building</altitudeLayer>
    <useHitPoints>True</useHitPoints>
    <statBases>
      <WorkToBuild>5000</WorkToBuild>
      <MaxHitPoints>200</MaxHitPoints>
      <Flammability>1.0</Flammability>
	  <ResearchSpeedFactor>0.9</ResearchSpeedFactor>
    </statBases>
	<minifiedDef>MinifiedFurniture</minifiedDef>
    <size>(3,1)</size>
    <passability>PassThroughOnly</passability>
    <pathCost>70</pathCost>
    <comps>
      <li Class="CompProperties_Power">
        <compClass>CompPowerTrader</compClass>
        <basePowerConsumption>250</basePowerConsumption>
        <startElectricalFires>true</startElectricalFires>
      </li>
      <li Class="CompProperties_Flickable"/>
      <li Class="CompProperties_Facility">
        <statOffsets>
          <ResearchSpeedFactor>0.1</ResearchSpeedFactor>
        </statOffsets>
      </li>
	  <li Class="CompProperties_AffectedByFacilities">
        <linkableFacilities>
		  <li>HiTechResearchBench</li>
          <li>MultiAnalyzer</li>
        </linkableFacilities>
      </li>
      <li Class="CompProperties_Breakdownable"/>
    </comps>
    <fillPercent>0.5</fillPercent>
    <interactionCellOffset>(0,0,-1)</interactionCellOffset>
    <hasInteractionCell>true</hasInteractionCell>
    <terrainAffordanceNeeded>Heavy</terrainAffordanceNeeded>
    <designationCategory>Production</designationCategory>
    <surfaceType>Item</surfaceType>
    <designationHotKey>Misc4</designationHotKey>
		<placeWorkers>
			<li>PlaceWorker_ShowFacilitiesConnections</li>
		</placeWorkers>
    <researchPrerequisites>
      <li>MicroelectronicsBasics</li>
    </researchPrerequisites>
  </ThingDef>
  
  <ThingDef ParentName="LabStationBase">
    <defName>LabTerminal</defName>
    <label>research terminal</label>
    <thingClass>Building_ResearchBench</thingClass>
    <description>A compact research terminal for expanding laboratory operations. Requires power.</description>
	<uiIconPath>Things/Building/Research/ScienceTerminalIco</uiIconPath>
    <graphicData>
      <texPath>Things/Building/Research/ScienceTerminal</texPath>
      <graphicClass>Graphic_Multi</graphicClass>
      <drawSize>(1,1.25)</drawSize>
      <damageData>
        <cornerTL>Damage/Corner</cornerTL>
        <cornerTR>Damage/Corner</cornerTR>
        <cornerBL>Damage/Corner</cornerBL>
        <cornerBR>Damage/Corner</cornerBR>
      </damageData>
    </graphicData>
    <costList>
      <Steel>100</Steel>
      <Component>8</Component>
    </costList>
    <altitudeLayer>Building</altitudeLayer>
    <useHitPoints>True</useHitPoints>
    <statBases>
      <WorkToBuild>2000</WorkToBuild>
      <MaxHitPoints>150</MaxHitPoints>
      <Flammability>1.0</Flammability>
	  <ResearchSpeedFactor>0.65</ResearchSpeedFactor>
    </statBases>
	<minifiedDef>MinifiedFurniture</minifiedDef>
    <size>(1,1)</size>
    <passability>PassThroughOnly</passability>
    <pathCost>70</pathCost>
    <comps>
      <li Class="CompProperties_Power">
        <compClass>CompPowerTrader</compClass>
        <basePowerConsumption>250</basePowerConsumption>
        <startElectricalFires>true</startElectricalFires>
      </li>
      <li Class="CompProperties_Flickable"/>
      <li Class="CompProperties_Facility">
        <statOffsets>
          <ResearchSpeedFactor>0.1</ResearchSpeedFactor>
        </statOffsets>
      </li>
	  <li Class="CompProperties_AffectedByFacilities">
        <linkableFacilities>
		  <li>HiTechResearchBench</li>
          <li>MultiAnalyzer</li>
        </linkableFacilities>
      </li>
      <li Class="CompProperties_Breakdownable"/>
    </comps>
    <fillPercent>0.5</fillPercent>
    <interactionCellOffset>(0,0,-1)</interactionCellOffset>
    <hasInteractionCell>true</hasInteractionCell>
    <terrainAffordanceNeeded>Heavy</terrainAffordanceNeeded>
    <designationCategory>Production</designationCategory>
    <surfaceType>Item</surfaceType>
    <designationHotKey>Misc4</designationHotKey>
		<placeWorkers>
			<li>PlaceWorker_ShowFacilitiesConnections</li>
		</placeWorkers>
    <researchPrerequisites>
      <li>MicroelectronicsBasics</li>
    </researchPrerequisites>
  </ThingDef>
  
</Defs>